galaxy_id,c_ours,c_li2018,delta_c_pct,v200_ours,v200_li2018,delta_v200_pct
NGC3198,9.412161093737451,9.6,-1.9566552735682161,112.03146407189139,121.0,-7.412013163726122
NGC2403,11.842225508883248,9.0,31.580283432036083,95.56910249230775,93.4,2.3223795420853786
NGC7814,11.982703957996623,20.5,-41.54778557074818,153.27887965066498,165.0,-7.103709302627287
NGC6503,11.541697425721907,8.5,35.78467559672831,84.71503741456519,77.4,9.45095273199636
